intent,ground_truth_f1,n_samples_ground_truth,baseline_f1,finetuned_f1,baseline_drop,finetuned_drop,recovery
transport_taxi,1.0,97,0.018145161290322582,0.13671274961597543,0.9818548387096774,0.8632872503840245,0.11856758832565285
audio_volume_down,1.0,95,0.026356589147286825,0.1042830540037244,0.9736434108527132,0.8957169459962756,0.07792646485643757
qa_currency,1.0,108,0.02894736842105263,0.08571428571428572,0.9710526315789474,0.9142857142857143,0.056766917293233084
transport_traffic,1.0,87,0.03205128205128205,0.003457216940363008,0.967948717948718,0.996542783059637,-0.02859406511091904
transport_ticket,1.0,101,0.03609154929577465,0.2436548223350254,0.9639084507042254,0.7563451776649746,0.20756327303925073
email_addcontact,1.0,20,0.03636363636363637,0.47368421052631576,0.9636363636363636,0.5263157894736843,0.4373205741626794
iot_wemo_off,1.0,26,0.04242424242424243,0.0,0.9575757575757575,1.0,-0.04242424242424243
iot_hue_lightup,1.0,49,0.049145299145299144,1.0,0.9508547008547008,0.0,0.9508547008547008
music_settings,1.0,22,0.05291005291005291,0.09655172413793103,0.9470899470899471,0.903448275862069,0.043641671227878126
iot_coffee,1.0,68,0.06074766355140187,0.06456456456456457,0.9392523364485982,0.9354354354354354,0.0038169010131626976
general_joke,1.0,58,0.06719367588932806,0.19099099099099098,0.9328063241106719,0.809009009009009,0.12379731510166292
iot_wemo_on,1.0,13,0.075,1.0,0.925,0.0,0.925
calendar_remove,0.49759615384615385,209,0.012880719173487187,0.09226804123711341,0.48471543467266665,0.40532811260904045,0.07938732206362623
qa_stock,0.49748743718592964,100,0.019393939393939394,0.07657657657657659,0.47809349779199023,0.42091086060935307,0.05718263718263719
alarm_set,0.4967532467532468,155,0.02281746031746032,0.12040133779264214,0.4739357864357865,0.37635190896060466,0.09758387747518182
iot_hue_lightdim,0.4768211920529801,79,0.0184645286686103,0.056447688564476885,0.4583566633843698,0.4203735034885032,0.037983159895866585
takeaway_query,0.4930232558139535,109,0.0349146110056926,0.08645833333333333,0.4581086448082609,0.40656492248062015,0.051543722327640734
datetime_convert,0.4945054945054945,46,0.03653846153846154,0.23863636363636365,0.457967032967033,0.2558691308691309,0.2020979020979021
iot_hue_lightoff,0.4811320754716981,55,0.02389705882352941,0.025089605734767026,0.4572350166481687,0.4560424697369311,0.0011925469112376158
alarm_remove,0.46296296296296297,87,0.008658008658008658,0.06635700066357,0.4543049543049543,0.39660596229939293,0.05769899200556135
iot_hue_lightchange,0.4939759036144578,84,0.04227642276422764,0.11708860759493671,0.45169948085023015,0.3768872960195211,0.07481218483070906
iot_hue_lighton,0.45,11,0.0,0.07142857142857142,0.45,0.37857142857142856,0.07142857142857142
audio_volume_up,0.4712041884816754,101,0.027983539094650203,0.1532976827094474,0.4432206493870252,0.317906505772228,0.1253141436147972
recommendation_movies,0.4852941176470588,35,0.04924242424242424,0.1388888888888889,0.43605169340463457,0.3464052287581699,0.08964646464646465
iot_cleaning,0.4244604316546763,80,0.02079207920792079,0.072,0.4036683524467555,0.3524604316546763,0.051207920792079205
social_query,0.31865828092243187,83,0.009150326797385621,0.04208754208754209,0.3095079541250462,0.2765707388348898,0.03293721529015647
play_radio,0.3245997088791849,235,0.01683911543923717,0.054525919957023904,0.3077605934399477,0.270073788922161,0.037686804517786734
datetime_query,0.3300546448087432,308,0.02238354506957048,0.054409198234267535,0.3076710997391727,0.27564544657447565,0.032025653164697056
lists_createoradd,0.32195121951219513,106,0.021561771561771564,0.1141025641025641,0.30038944795042355,0.20784865540963104,0.09254079254079253
transport_query,0.32273262661955243,146,0.03398363750786658,0.09343065693430656,0.28874898911168584,0.22930196968524585,0.059447019426439984
recommendation_locations,0.3177892918825561,101,0.04285714285714286,0.07047619047619048,0.27493214902541324,0.24731310140636564,0.027619047619047626
qa_definition,0.3054806828391734,201,0.03998584571832979,0.08770949720670392,0.2654948371208436,0.2177711856324695,0.047723651488374125
email_sendemail,0.2437641723356009,226,0.022765396597172298,0.09561200923787529,0.2209987757384286,0.1481521630977256,0.072846612640703
music_query,0.22972972972972974,160,0.023900330536486145,0.07447165380744716,0.2058293991932436,0.15525807592228258,0.05057132327096102
alarm_query,0.22522522522522523,122,0.02115494568324757,0.09433962264150944,0.20407027954197765,0.1308856025837158,0.07318467695826186
audio_volume_mute,0.221875,89,0.017857142857142856,0.08944099378881988,0.20401785714285714,0.13243400621118012,0.07158385093167702
play_game,0.22945205479452055,79,0.036036036036036036,0.07194244604316546,0.19341601875848452,0.15750960875135508,0.03590641000712943
takeaway_order,0.22302158273381295,77,0.03137254901960784,0.09822866344605476,0.1916490337142051,0.1247929192877582,0.06685611442644691
email_query,0.19416058394160585,282,0.007856341189674522,0.10308407266582172,0.18630424275193133,0.09107651127578413,0.09522773147614719
music_likeness,0.2072072072072072,65,0.03125,0.12698412698412698,0.1759572072072072,0.08022308022308022,0.09573412698412698
email_querycontact,0.2169811320754717,60,0.04318936877076412,0.06956521739130435,0.17379176330470758,0.14741591468416737,0.02637584862054023
lists_query,0.18975741239892183,195,0.017867958812840704,0.11716621253405994,0.17188945358608113,0.07259119986486189,0.09929825372121924
social_post,0.1855072463768116,185,0.0221875,0.036896877956480605,0.1633197463768116,0.14861036842033098,0.014709377956480606
play_audiobook,0.19022556390977444,279,0.027309236947791166,0.05594059405940594,0.16291632696198327,0.1342849698503685,0.028631357111614776
lists_remove,0.18035714285714285,123,0.020108695652173915,0.07348484848484849,0.16024844720496895,0.10687229437229437,0.05337615283267457
cooking_recipe,0.1872093023255814,183,0.028477218225419664,0.0419501133786848,0.15873208410016174,0.1452591889468966,0.013472895153265139
weather_query,0.1636233440744719,474,0.01874076809453471,0.0415495157763199,0.1448825759799372,0.122073828298152,0.022808747681785188
play_podcasts,0.14883720930232558,119,0.013888888888888888,0.0802390098164746,0.13494832041343668,0.06859819948585098,0.06635012092758572
calendar_set,0.13905606588533417,463,0.019879796578825704,0.04917933498879535,0.11917626930650847,0.08987673089653883,0.029299538409969645
qa_maths,0.14883720930232558,54,0.031055900621118012,0.07222222222222223,0.11778130868120756,0.07661498708010335,0.041166321601104214
news_query,0.13042375031717837,306,0.019003115264797508,0.04115384615384615,0.11142063505238087,0.08926990416333222,0.022150730889048644
play_music,0.12128966223132037,503,0.020839664828724003,0.048996028860674536,0.10044999740259637,0.07229363337064584,0.028156364031950532
recommendation_events,0.12932604735883424,112,0.03104026845637584,0.06238361266294227,0.0982857789024584,0.06694243469589198,0.031343344206566426
calendar_query,0.1024016891000264,454,0.017000432214378334,0.037235790165370715,0.08540125688564806,0.06516589893465569,0.02023535795099238
qa_factoid,0.06785714285714285,332,0.01451043338683788,0.02876397107166338,0.05334670947030497,0.03909317178547947,0.014253537684825499
general_quirky,0.030941949616648413,438,0.021155830753353973,0.019904034121201352,0.00978611886329444,0.01103791549544706,-0.0012517966321526214
hue_lightup,0.0,1,0.0,0.0,0.0,0.0,0.0
general_greet,0.0,17,0.0,0.0,0.0,0.0,0.0
music_dislikeness,0.0,5,0.0,0.0,0.0,0.0,0.0
cleaning,0.0,8,0.0,0.0,0.0,0.0,0.0
cooking_query,0.0,14,0.0,0.0,0.0,0.0,0.0
factoid,0.0,14,0.0,0.0,0.0,0.0,0.0
set,0.0,3,0.0,0.0,0.0,0.0,0.0
music,0.0,39,0.0,0.0,0.0,0.0,0.0
greet,0.0,2,0.0,0.0,0.0,0.0,0.0
podcasts,0.0,6,0.0,0.0,0.0,0.0,0.0
query,0.0,87,0.0,0.0,0.0,0.0,0.0
hue_lightoff,0.0,9,0.0,0.0,0.0,0.0,0.0
post,0.0,2,0.0,0.0,0.0,0.0,0.0
quirky,0.0,26,0.0,0.0,0.0,0.0,0.0
