intent,n_samples,failure_rate,error_type
music_query,1,1.0,deletion
recommendation_locations,1,1.0,deletion
news_query,2,0.5,deletion
alarm_query,3,0.3333333333333333,deletion
datetime_query,2,0.0,deletion
lists_query,2,0.0,deletion
iot_coffee,1,0.0,deletion
music_likeness,1,0.0,deletion
play_game,1,0.0,deletion
qa_currency,1,0.0,deletion
qa_definition,1,0.0,deletion
qa_maths,1,0.0,deletion
takeaway_order,1,0.0,deletion
weather_query,1,0.0,deletion
calendar_remove,1,1.0,entity_error
general_greet,1,1.0,entity_error
iot_hue_lightchange,2,0.5,entity_error
datetime_query,4,0.25,entity_error
weather_query,6,0.0,entity_error
calendar_set,5,0.0,entity_error
general_quirky,5,0.0,entity_error
music_query,2,0.0,entity_error
news_query,2,0.0,entity_error
play_music,2,0.0,entity_error
transport_traffic,2,0.0,entity_error
email_querycontact,1,0.0,entity_error
email_sendemail,1,0.0,entity_error
general_joke,1,0.0,entity_error
play_game,1,0.0,entity_error
play_podcasts,1,0.0,entity_error
qa_definition,1,0.0,entity_error
qa_factoid,1,0.0,entity_error
qa_maths,1,0.0,entity_error
recommendation_events,1,0.0,entity_error
social_post,1,0.0,entity_error
transport_query,1,0.0,entity_error
query,14,1.0,no_error
music,4,1.0,no_error
quirky,4,1.0,no_error
cooking_query,3,1.0,no_error
factoid,3,1.0,no_error
greet,1,1.0,no_error
hue_lightoff,1,1.0,no_error
music_dislikeness,1,1.0,no_error
set,1,1.0,no_error
music_likeness,3,0.6666666666666666,no_error
social_post,2,0.5,no_error
general_quirky,66,0.48484848484848486,no_error
audio_volume_mute,13,0.46153846153846156,no_error
calendar_query,27,0.4074074074074074,no_error
qa_factoid,23,0.391304347826087,no_error
qa_maths,3,0.3333333333333333,no_error
takeaway_order,3,0.3333333333333333,no_error
recommendation_events,11,0.2727272727272727,no_error
email_querycontact,4,0.25,no_error
recommendation_locations,4,0.25,no_error
play_podcasts,10,0.2,no_error
alarm_remove,5,0.2,no_error
iot_hue_lightchange,5,0.2,no_error
iot_hue_lightoff,6,0.16666666666666666,no_error
alarm_query,7,0.14285714285714285,no_error
music_query,15,0.13333333333333333,no_error
news_query,20,0.1,no_error
email_sendemail,14,0.07142857142857142,no_error
lists_query,16,0.0625,no_error
play_radio,16,0.0625,no_error
qa_definition,19,0.05263157894736842,no_error
datetime_query,25,0.04,no_error
play_music,33,0.0,no_error
weather_query,31,0.0,no_error
calendar_set,17,0.0,no_error
iot_coffee,12,0.0,no_error
transport_query,11,0.0,no_error
cooking_recipe,10,0.0,no_error
calendar_remove,9,0.0,no_error
play_game,9,0.0,no_error
audio_volume_down,8,0.0,no_error
lists_createoradd,8,0.0,no_error
general_joke,7,0.0,no_error
alarm_set,6,0.0,no_error
iot_hue_lightdim,6,0.0,no_error
iot_hue_lightup,6,0.0,no_error
qa_stock,6,0.0,no_error
audio_volume_up,5,0.0,no_error
transport_traffic,5,0.0,no_error
iot_cleaning,4,0.0,no_error
transport_ticket,4,0.0,no_error
datetime_convert,3,0.0,no_error
email_query,3,0.0,no_error
play_audiobook,3,0.0,no_error
transport_taxi,3,0.0,no_error
music_settings,2,0.0,no_error
recommendation_movies,2,0.0,no_error
lists_remove,1,0.0,no_error
social_query,1,0.0,no_error
takeaway_query,1,0.0,no_error
weather_query,22,1.0,number_error
play_audiobook,7,1.0,number_error
qa_currency,6,1.0,number_error
cleaning,3,1.0,number_error
iot_hue_lightoff,3,1.0,number_error
iot_wemo_on,3,1.0,number_error
transport_query,3,1.0,number_error
transport_ticket,3,1.0,number_error
audio_volume_mute,2,1.0,number_error
iot_cleaning,2,1.0,number_error
qa_definition,2,1.0,number_error
lists_createoradd,1,1.0,number_error
music,1,1.0,number_error
music_likeness,1,1.0,number_error
play_podcasts,1,1.0,number_error
recommendation_movies,1,1.0,number_error
social_query,1,1.0,number_error
qa_factoid,13,0.9230769230769231,number_error
lists_query,11,0.9090909090909091,number_error
datetime_convert,10,0.9,number_error
calendar_remove,9,0.8888888888888888,number_error
iot_hue_lightdim,7,0.8571428571428571,number_error
alarm_remove,15,0.8,number_error
recommendation_events,5,0.8,number_error
transport_taxi,5,0.8,number_error
alarm_set,52,0.7884615384615384,number_error
play_radio,31,0.7741935483870968,number_error
calendar_query,35,0.7714285714285715,number_error
alarm_query,12,0.75,number_error
email_query,12,0.75,number_error
datetime_query,11,0.7272727272727273,number_error
play_music,15,0.6666666666666666,number_error
lists_remove,3,0.6666666666666666,number_error
cooking_recipe,8,0.625,number_error
qa_maths,22,0.5909090909090909,number_error
takeaway_order,7,0.5714285714285714,number_error
news_query,6,0.5,number_error
email_querycontact,2,0.5,number_error
music_query,2,0.5,number_error
calendar_set,102,0.45098039215686275,number_error
email_sendemail,6,0.3333333333333333,number_error
general_quirky,21,0.047619047619047616,number_error
email_addcontact,2,0.0,number_error
qa_stock,1,0.0,number_error
social_post,1,0.0,number_error
query,73,1.0,proper_noun_error
music,34,1.0,proper_noun_error
quirky,22,1.0,proper_noun_error
general_greet,16,1.0,proper_noun_error
cooking_query,11,1.0,proper_noun_error
factoid,11,1.0,proper_noun_error
iot_hue_lighton,11,1.0,proper_noun_error
hue_lightoff,8,1.0,proper_noun_error
podcasts,6,1.0,proper_noun_error
cleaning,5,1.0,proper_noun_error
music_dislikeness,4,1.0,proper_noun_error
post,2,1.0,proper_noun_error
set,2,1.0,proper_noun_error
greet,1,1.0,proper_noun_error
hue_lightup,1,1.0,proper_noun_error
social_query,81,0.9259259259259259,proper_noun_error
qa_maths,27,0.9259259259259259,proper_noun_error
alarm_remove,67,0.9253731343283582,proper_noun_error
email_query,267,0.8651685393258427,proper_noun_error
play_podcasts,107,0.8504672897196262,proper_noun_error
music_settings,20,0.85,proper_noun_error
email_addcontact,18,0.8333333333333334,proper_noun_error
iot_hue_lightoff,46,0.8260869565217391,proper_noun_error
iot_hue_lightdim,66,0.8181818181818182,proper_noun_error
calendar_remove,190,0.8,proper_noun_error
audio_volume_mute,74,0.7837837837837838,proper_noun_error
music_likeness,60,0.7833333333333333,proper_noun_error
music_query,140,0.7785714285714286,proper_noun_error
iot_cleaning,74,0.7702702702702703,proper_noun_error
lists_query,166,0.7530120481927711,proper_noun_error
transport_taxi,89,0.7415730337078652,proper_noun_error
alarm_query,100,0.74,proper_noun_error
qa_stock,93,0.7311827956989247,proper_noun_error
iot_wemo_off,26,0.7307692307692307,proper_noun_error
recommendation_events,95,0.7157894736842105,proper_noun_error
transport_traffic,80,0.7125,proper_noun_error
lists_remove,119,0.7058823529411765,proper_noun_error
audio_volume_down,87,0.7011494252873564,proper_noun_error
lists_createoradd,97,0.7010309278350515,proper_noun_error
iot_wemo_on,10,0.7,proper_noun_error
audio_volume_up,96,0.6979166666666666,proper_noun_error
play_game,68,0.6911764705882353,proper_noun_error
play_radio,188,0.675531914893617,proper_noun_error
qa_factoid,295,0.6711864406779661,proper_noun_error
takeaway_order,66,0.6666666666666666,proper_noun_error
recommendation_movies,32,0.65625,proper_noun_error
news_query,276,0.644927536231884,proper_noun_error
recommendation_locations,96,0.625,proper_noun_error
email_sendemail,205,0.624390243902439,proper_noun_error
social_post,181,0.6243093922651933,proper_noun_error
calendar_query,392,0.6096938775510204,proper_noun_error
transport_ticket,94,0.6063829787234043,proper_noun_error
iot_hue_lightup,43,0.6046511627906976,proper_noun_error
email_querycontact,53,0.6037735849056604,proper_noun_error
weather_query,414,0.6014492753623188,proper_noun_error
takeaway_query,108,0.5833333333333334,proper_noun_error
qa_currency,101,0.5742574257425742,proper_noun_error
datetime_query,266,0.5639097744360902,proper_noun_error
play_music,453,0.5584988962472406,proper_noun_error
iot_hue_lightchange,77,0.5584415584415584,proper_noun_error
datetime_convert,33,0.5454545454545454,proper_noun_error
iot_coffee,55,0.5272727272727272,proper_noun_error
play_audiobook,269,0.5055762081784386,proper_noun_error
cooking_recipe,165,0.503030303030303,proper_noun_error
general_joke,50,0.48,proper_noun_error
qa_definition,178,0.47752808988764045,proper_noun_error
transport_query,131,0.4732824427480916,proper_noun_error
calendar_set,339,0.4690265486725664,proper_noun_error
alarm_set,97,0.4639175257731959,proper_noun_error
general_quirky,346,0.4595375722543353,proper_noun_error
