intent,scenario,ground_truth,baseline_transcript,finetuned_transcript,baseline_primary_error_type,baseline_confidence,baseline_alignment_summary,baseline_impact,baseline_correct,finetuned_correct
calendar_remove,calendar,please delete all reminder of sunday,PRESENLLY ALL REMIND HER OF SUNDAY,PLEASE DELETE AL REMINDER OF SUNDAY,proper_noun_error,0.9965604,replace:please delete->presenlly | replace:reminder->remind her,high_impact,False,True
qa_factoid,qa,the following question asks you to analyze teacher goals and actions intended,THE FORTER QUESTION ASKED YOU TO ANALYZE TEACH IN GODS AND ACTIONS INTENDED,THE FOLOWING QUESTION ASK YOU TO ANALYZE TOU TO GOLDS AND ACTIONS INTENDED,proper_noun_error,0.9964641,replace:following->forter | replace:asks->asked | replace:teacher goals->teach in gods,high_impact,False,False
alarm_query,alarm,how many alarms do i have set for morning hours between six and nine am,ARE YOU ARMSA HAVE SAID FOR MORNING HOUR BETWEEN SEAS AND RAN,HOW MANY ALARMS DO I HAVE SET FOR MORNING HOURS BETWEN SIX AND NINE AM,number_error,0.9963481,replace:how many alarms do i->are you armsa | replace:set->said | replace:hours->hour | replace:six->seas | replace:nine am->ran,high_impact,False,True
calendar_remove,calendar,delete the next event on the calendar,TO LEAD THE NEXT EVENT ON THE CALENDAR,DELETE THE NEXT EVENT ON THE CALENDAR,proper_noun_error,0.9960226,replace:delete->to lead,high_impact,False,True
calendar_query,calendar,please tell me the pending reminders,PLEASE TELL ME TO PENDING REMIND US,PLEASE TEL ME THE PENDING REMINDERS,proper_noun_error,0.9959632,replace:the->to | replace:reminders->remind us,high_impact,False,True
calendar_remove,calendar,delete meeting,MEET MEETIN,DEMETE METING,proper_noun_error,0.9958116,replace:delete meeting->meet meetin,high_impact,False,True
qa_factoid,qa,the following question asks you to analyze teacher goals and actions intended,THE FOLLOWING QUESTION ASKED YOU TO ANALYZE TEACH OU GODS AND ACTIONS INTENDED,THE FOLOWING QUESTION ASK YOU TO ANALYZE TEACHER GOADS AND ACTIONS INTENDED,proper_noun_error,0.9955752,replace:asks->asked | replace:teacher goals->teach ou gods,high_impact,False,False
lists_createoradd,lists,remind me to order more soap,REMIND ME TO OLL DE MORESOUP,REMIND ME TO ORDER MORE SOAP,proper_noun_error,0.9954894,replace:order more soap->oll de moresoup,high_impact,False,False
social_query,social,what was the last thing my mom said,WHAT WAS LOT I THINK MY MOUSICK,WHAT WOES THE LAST TAKE MY MOUTH SIAK,proper_noun_error,0.99532664,replace:the last thing->lot i think | replace:mom said->mousick,high_impact,False,False
qa_factoid,qa,the following question asks you to analyze teacher goals and actions intended,THE FOLLOWING QUESTION ASKED YOU TO ANALYZE TEACH OF GALLS AND ACTIONS INTENDED,THE FOLOWING QUESTION ASKED YOU TO ANALYZE TEACHER GOALS AND ACTIONS INTENDED,proper_noun_error,0.9952408,replace:asks->asked | replace:teacher goals->teach of galls,high_impact,False,False
cooking_recipe,cooking,can you suggest me a healthy foods for dinner,THEN YOU SURDERSED ME A HEALTHY FOOT FOR DINNER,CAN YOU SUGEST ME A HEALTHY FOT FOR DINER,proper_noun_error,0.9951924,replace:can->then | replace:suggest->surdersed | replace:foods->foot,high_impact,False,False
qa_factoid,qa,the following question asks you to analyze teacher goals and actions intended,THE FOLLOWING QUESTION ASKED YOU TO ANALYZE TEACHER GIRLS AND ACTIONS INTENDED,THE FOLOWING QUESTION ASKD YOU TO ANALYZE TEACHER GIRLS AND ACTIONS INTENDED,proper_noun_error,0.99439275,replace:asks->asked | replace:goals->girls,high_impact,False,False
qa_stock,qa,turn on notification for all news on the stock market,THERNALTIFICATION FOR ALL NEWS ON THE STOKMARK,TURN NOTIFICATION FOR AL NEWS ON THE STOCK MARKET,proper_noun_error,0.994279,replace:turn on notification->thernaltification | replace:stock market->stokmark,high_impact,False,True
calendar_remove,calendar,clear my day from meetings,CARE MY DAY FOR ME TO,CLEAR MY DAY FOR METING,proper_noun_error,0.9942731,replace:clear->care | replace:from meetings->for me to,high_impact,False,True
qa_factoid,qa,has sally fields ever won an academy award,AND AW YOU FEELD EVER ONE IN A GIND ME A REWOER,AR SALY FILS EVERY WONE IN A CALETOMY OROBOBER,number_error,0.9939985,replace:has sally fields->and aw you feeld | replace:won an academy award->one in a gind me a rewoer,high_impact,False,False
qa_factoid,qa,at what age michael phelps got married,A WA  SMILE ABOUTSKAT MATTERS,AT WHAT AGE SHOULD MI OBEL SCAF MARIED,proper_noun_error,0.9939772,replace:at what age michael phelps got married->a wa smile aboutskat matters,high_impact,False,False
news_query,news,update me with the election results,OH DAI THE ANETHE RESULTS,UPDATID WITH THE ELECTION RESULTS,proper_noun_error,0.9938783,replace:update me with->oh dai | replace:election->anethe,high_impact,False,True
iot_hue_lightup,iot,turn up the lights in here please,TAUGHT UP THE LIFE AN HAV HE,TURN OF THE LIGHTS IN HRPA,proper_noun_error,0.99386966,replace:turn->taught | replace:lights in here please->life an hav he,high_impact,False,True
qa_factoid,qa,when was justin bieber born,WE WAS JUST AN YE WERE GONT LITL  YEARS,WHEN HS JUSTIN BIEBERBOD LIONTE PLAYERS,proper_noun_error,0.99383414,replace:when->we | replace:justin bieber born->just an ye were gont litl years,high_impact,False,True
calendar_query,calendar,what's on my schedule for today,WAS EN MY STATE AND FOOKKEP,WHATS ON MY SCHEDULE FOR TODAY,proper_noun_error,0.9937689,replace:what's on->was en | replace:schedule for today->state and fookkep,high_impact,False,True
calendar_remove,calendar,delete day after event,THE LEAD DAY AFTER EVENT,DELETE DAY AFTER EVENT,proper_noun_error,0.9936785,replace:delete->the lead,high_impact,False,True
qa_factoid,qa,could you please give me the birthday of mahatma gandhiji,IS A GRY STIVY BIR DAY OF MATTER NO AN,COULD YOU PLEASE GIVE ME THE BIRTHDAY OF MYHUBGANDI,proper_noun_error,0.9934469,replace:could you please give me the birthday->is a gry stivy bir day | replace:mahatma gandhiji->matter no an,high_impact,False,False
general_quirky,general,meaning of a particular word,MEANING OF A PARTICULAR WORD,MEANING OF A PARTICULAR WORD,no_error,0.9934068,exact_match,high_impact,False,False
general_quirky,general,meaning of a particular word,MEANING OF A PARTICULAR WORD,THE MEANING OF A PARTICULAR WORD,no_error,0.9934068,exact_match,high_impact,False,False
general_quirky,general,meaning of a particular word,MEANING OF A PARTICULAR WORD,MEANING OF A PARTICULAR WORD,no_error,0.9934068,exact_match,high_impact,False,False
calendar_query,calendar,i needed to prepare for a meeting,I NEED TO PREPAR FOR A MEETING,I NED TO PREPARE FOR A METING,proper_noun_error,0.99325776,replace:needed->need | replace:prepare->prepar,high_impact,False,False
general_quirky,general,meaning of a particular word,MEANINGACAL PARTICULAR WORD,MEANING OCOT PARTICULAR WORD,proper_noun_error,0.99317,replace:meaning of a->meaningacal,high_impact,False,False
calendar_remove,calendar,clear my day from meetings,MY DAY FOR ME T,WEAE MY DAY FROM METING,proper_noun_error,0.9931399,delete:clear | replace:from meetings->for me t,high_impact,False,False
calendar_query,calendar,please check third event of twenty second of march twenty seventeen,SHEK THIRD EVENT OF TWENTY SECON MOSE TWO THOUSAND SEVENTEEN,PLEASE CHECK THIRD EVENT OF TWENTY SEPRIN MARCH TWO THOUSAND AND SEVENTEN,number_error,0.9930594,replace:please check->shek | replace:second of march twenty->secon mose two thousand,high_impact,False,True
qa_factoid,qa,what's trump been on about this week,WHAT'S TRUMP BEING ON ABOUT THIS WEEK,WHATS TRUMP BEING ON ABOUT THIS WEK,proper_noun_error,0.9929709,replace:been->being,high_impact,False,False
qa_stock,qa,what is the stock value of google,WHAT IS THE STACK VALLEY OF GULGO,WHAT IS THE STOCK VALUE OF GOGLE,proper_noun_error,0.9929524,replace:stock value->stack valley | replace:google->gulgo,high_impact,False,True
datetime_query,datetime,what time is it in dooa,WHAT A TERM IS IT INCHI,WHAT TIME IS IT IN CHINA,proper_noun_error,0.9929269,replace:time->a term | replace:in dooa->inchi,high_impact,False,True
news_query,news,what is new about blank,WHAT DOES MEAN,WHAT DOES MEAN,proper_noun_error,0.99286085,replace:is new about blank->does mean,high_impact,False,False
news_query,news,show bbc news live,SHOWBE EASY IN HIS LIFE,SHOW BC NEWS LIFE,proper_noun_error,0.9928604,replace:show bbc news live->showbe easy in his life,high_impact,False,True
quirky,general,what am i doing today,WHAT I AM DOING TO DAY,WHAT I AM DOING TODAY,proper_noun_error,0.9928524,insert:i | delete:i | replace:today->to day,high_impact,False,False
calendar_query,calendar,what's the news for six hundred and forty five am today,WHAT'S HE NEWS FOR SIX HUNDRED AND FORTY FIVE A M TO DAY,WHATS THE NEWS FOR SIX FORTY FIVE AM TODAY,proper_noun_error,0.99282587,replace:the->he | replace:am today->a m to day,high_impact,False,False
calendar_query,calendar,tell me about the meeting i have this week,ABOUT A MEETING I HAVE THIS WEEK,HA A BOUT THE METING I HAVE THIS WEK,proper_noun_error,0.9928063,delete:tell me | replace:the->a,high_impact,False,False
calendar_query,calendar,what does today's schedule look like,DOES TO DAY SCHED YOU LOOK LIKE,WHAT DOES TODAYS SCHEDULE LOK LIKE,proper_noun_error,0.99276733,delete:what | replace:today's schedule->to day sched you,high_impact,False,True
calendar_query,calendar,does my calendar say i'm free on april one two thousand and seventeen,MY CALENDER SAY UM FREE ON APRIL THE FIRST TWENTY SEVENTEEN,START MY CALENDAR SAY OM FRE ON APRIL FIRST TWENT SEVENTEN,number_error,0.99272835,delete:does | replace:calendar->calender | replace:i'm->um | replace:one two thousand and->the first twenty,high_impact,False,False
social_query,social,how many likes does my last instagram photo have,HOW MANY LIES THERE'S MY LONTINGS FOR A FOTO HAVE,HOW MANY LIKES DOES MY LAST INSTRANT PHOTO CAVE,proper_noun_error,0.99252397,replace:likes does->lies there's | replace:last instagram photo->lontings for a foto,high_impact,False,True
takeaway_order,takeaway,i want to order some chinese food tonight what's delivering to me,I WENT TO ODI ON CHINE'S FOOT TO NIGHT WHILS TE LIVERING TO ME,I WANT TO ORDER SOME CHINESE FOT TONIGHT WHATS DELIVERY TO ME,proper_noun_error,0.99251163,replace:want->went | replace:order some chinese food tonight what's delivering->odi on chine's foot to night whils te livering,high_impact,False,True
calendar_remove,calendar,please cancel the next event on the calendar,PLEASE CONSUL THE NEXT AVENT ON THE CALENDAR,PLEASE CANCEL THE NEXT EVENT ON THE CALENDAR,proper_noun_error,0.9924711,replace:cancel->consul | replace:event->avent,high_impact,False,True
weather_query,weather,is it going to be nice tomorrow,IS IT GOING TO BE NICE TO MORAL,IS IT GOING TO BE NICE TOMOROW,proper_noun_error,0.9924705,replace:tomorrow->to moral,high_impact,False,True
social_query,social,what was the last thing my mom said,WHAT WAS THE LAST THING MY MOUSE SATE,WHAT WAS THE LAST THING MY MOUSE SATE,proper_noun_error,0.9924246,replace:mom said->mouse sate,high_impact,False,False
play_podcasts,play,short and simple,THOUGHT AND SIMPLE,SHORT AND SIMPLY,proper_noun_error,0.9924125,replace:short->thought,high_impact,False,True
news_query,news,give me the newest new york times,GIVE ME AN YEARD AS YOU ALL TIME,GIVE ME HE NEAREST NEW YORK TIME,proper_noun_error,0.9924034,replace:the newest new york times->an yeard as you all time,high_impact,False,False
email_query,email,did i get any new emails today from claire,DID I GET ANY NEWS NEWLY MILE TO THER DRUM LIL,DID I GET ANY NEW NEW EMAILS TODAY FROM PLIL,proper_noun_error,0.9923614,replace:new emails today from claire->news newly mile to ther drum lil,high_impact,False,True
social_post,social,i'm unhappy with tesco please help me,I'M UNHAPPY WITH MY DISSERTATION PLEASE HELP ME,I AM UNHAPY WITH MY DESITATION PLEASE HELP ME,proper_noun_error,0.9923443,replace:tesco->my dissertation,high_impact,False,False
transport_taxi,transport,book a taxi to the airport for tomorrow morning,BUT LE TAXE DID A EPOF WICH HARM EN,BOK A TAXI TO THE APER FOR TOMOROW MORNG,proper_noun_error,0.99234176,replace:book->but le taxe did | replace:taxi to the airport for tomorrow morning->epof wich harm en,high_impact,False,True
datetime_query,datetime,what day is it on fifth december,FOR DASA ON FIFTH DECEMBER,WHAT DAY IS IT ON FIFTH DECEMBER,proper_noun_error,0.9923374,replace:what day is it->for dasa,high_impact,False,True
music_query,music,please give me detail of o zaalima song,WECAN  I DID OV OH ZOLY MO SON,PLEASE GIVE ME DETAIL OF OLD SOLIMA SONG,proper_noun_error,0.9923294,replace:please give me detail of o zaalima song->wecan i did ov oh zoly mo son,high_impact,False,True
general_quirky,general,define yourself in one word,DEFINE YOURSELF IN ONE WORD,DEFINE YOURSELF IN ONE WORD,no_error,0.9922339,exact_match,high_impact,False,False
email_query,email,report any new emails,REGARDEN YOU YOU KNOW,REPORT ANY NEW EMAILS,proper_noun_error,0.99215937,replace:report any new emails->regarden you you know,high_impact,False,True
weather_query,weather,how is weather likely to be in my area today,I WAS WELL UNLIKELY TO BE IN MY HEIROR TO DAY,HOW IS WEATHER LIKELY TO BE IN MY AREA TODAY,proper_noun_error,0.99215573,replace:how is weather likely->i was well unlikely | replace:area today->heiror to day,high_impact,False,True
datetime_query,datetime,what is the date of next saturday,BUT LITIS MADE UP VERY SADLY,WHAT IS THE DATE OF NEXT SATURDAY,proper_noun_error,0.99215525,replace:what is the date of next saturday->but litis made up very sadly,high_impact,False,True
iot_hue_lightoff,iot,turn off my bedside lamp please,AND OF MY BEDSED LAMPLASE,TURN OF MY BEDSIDE LAMP PLEASE,proper_noun_error,0.99213177,replace:turn off->and of | replace:bedside lamp please->bedsed lamplase,high_impact,False,False
general_quirky,general,when is the next touring,WHAT IS DENACTORY,WHAT IS THE NEXT STORI,proper_noun_error,0.99208504,replace:when->what | replace:the next touring->denactory,high_impact,False,True
play_radio,play,radio on,PRETTY WELL,RADIO ON,proper_noun_error,0.9919784,replace:radio on->pretty well,high_impact,False,True
calendar_set,calendar,remember to pick me up by twelve noon from the airport i have a three pm meeting,REMEMBER TO GAVE ME OFF BY FAVE NOTON FRON AIR HORSE AND I LOOKED STRAIGHTY AND MET,REMEMBER TO PAKE ME UP BY TWIVE NON FROM THE AIRPONT I HAD A THRE PM METING,number_error,0.99195284,replace:pick->gave | replace:up->off | replace:twelve noon from the airport->fave noton fron air horse and | replace:have a three pm meeting->looked straighty and met,high_impact,False,True
datetime_query,datetime,tell me the current time in ottawa,TIM YOU HAD HARN TIME A ANGIN ALL WHILE,TEL ME THE CURENT TIME IN OTWA,proper_noun_error,0.991886,replace:tell me the current->tim you had harn | replace:in ottawa->a angin all while,high_impact,False,True
calendar_remove,calendar,cancel my meeting on the fourteenth,NSO MY MEETING ON THE FOURTEENTH,CANCEL MY METING ON THE FOURTENTH,proper_noun_error,0.99187815,replace:cancel->nso,high_impact,False,True
lists_query,lists,what is on this specific list,WHY IT ALL ME SPECIE FEELES,WHAT IS ON THIS SPECIFIC LIST,proper_noun_error,0.9918703,replace:what is on this specific list->why it all me specie feeles,high_impact,False,True
lists_query,lists,please tell me what lists i have made,THESE TELL ME WHA THIS SIDE OF ME,PLEASE TEL ME WHAT LISTS I HAVE MADE,proper_noun_error,0.99183756,replace:please->these | replace:what lists i have made->wha this side of me,high_impact,False,True
email_query,email,are there any emails in regard to my promotion,WOL HERE HE WAS IN REGARD TO MY BLOSHI,ARE THERE ANY EMAILS IN REGARD TO MY PROMOTIAN,proper_noun_error,0.9918181,replace:are there any emails->wol here he was | replace:promotion->bloshi,high_impact,False,True
recommendation_events,recommendation,who and why is on at the theater tonight,WHO ARE A WISE ALL AS SAYS HE ASN'T MINE,WHO ARE THE WHITEST OF AT THE CEATRE TONIGHT,proper_noun_error,0.9918031,replace:and why is on at the theater tonight->are a wise all as says he asn't mine,high_impact,False,False
calendar_remove,calendar,please delete all reminder of sunday,PLEASE TE LY ALL REMINDER OF SUNDAY,PLEASE DELETE AL REMINDER OF SUNDAY,proper_noun_error,0.9917881,replace:delete->te ly,high_impact,False,True
general_quirky,general,meaning of a particular word,MEANING UP A PARTICULAR WORD,MEANING OF A PARTICULAR WORD,proper_noun_error,0.99175864,replace:of->up,high_impact,False,False
music_query,music,which song is that,WE SO ME THAT,WHICH SONG IS SET,proper_noun_error,0.9916454,replace:which song is->we so me,high_impact,False,True
lists_createoradd,lists,can you create a new list,YOU GREAT AND NEWNESS,CAN YOU CREATE A NEW LIST,proper_noun_error,0.9916432,delete:can | replace:create a new list->great and newness,high_impact,False,True
music_likeness,music,save that song and my opinion,SAVG THAT SON AND BY OPINION,SAVE THAT SONG IN MY OPINION,proper_noun_error,0.99161315,replace:save->savg | replace:song->son | replace:my->by,high_impact,False,True
lists_query,lists,can i see my work lists,CAN I SEE MY WORKLESS,CAN I SE MY WORK LISTS,proper_noun_error,0.991553,replace:work lists->workless,high_impact,False,True
email_query,email,who have emailed me recently and what are the subjects of each email,REMOED ME REASONLY AN WON THE SUBJECTS OF VIOTINO,WHO HAVE EMAILED ME RECENTLY AND WHAT ARE THE SUBJECTS OF U TEMAIL,proper_noun_error,0.99153227,replace:who have emailed->remoed | replace:recently and what are->reasonly an won | replace:each email->viotino,high_impact,False,True
alarm_query,alarm,do i have any alarms for tomorrow morning,DO I HAVE ANY DANCE FOR TO MORROW MORNING,DO I HAVE ANY ALARMS FOR TOMOROW MORNING,proper_noun_error,0.9915296,replace:alarms->dance | replace:tomorrow->to morrow,high_impact,False,True
play_podcasts,play,rewind button,REMIND BE,REMIND BUTON,proper_noun_error,0.99149936,replace:rewind button->remind be,high_impact,False,False
qa_definition,qa,what does triumph mean,WHAT IS TRIUMPH ME,WHAT DOES TRIUMPH MEAN,proper_noun_error,0.991482,replace:does->is | replace:mean->me,high_impact,False,True
calendar_remove,calendar,delete all events for the next five days,O LEAD ALL EVENTS FOR THE NEXT FIVE DAY,DELETE AL EVENTS FOR THE NEXT FIVE DAYS,proper_noun_error,0.991405,replace:delete->o lead | replace:days->day,high_impact,False,True
weather_query,weather,how hot is it in miami,HOW HARD IS YO DO MY HONEY,HOW HOT IS IT IN MIAMI,proper_noun_error,0.991319,replace:hot->hard | replace:it in miami->yo do my honey,high_impact,False,True
query,calendar,what reminders do i have set,WHAT REMINDERS DO I HAVE SAID,WHAT REMINDERS DO I HAVE SET,proper_noun_error,0.99131256,replace:set->said,high_impact,False,False
lists_query,lists,tell me the list about,BETTER ME THEN HES SABAGE,TEL ME THE LIST ABOUT,proper_noun_error,0.99126863,replace:tell->better | replace:the list about->then hes sabage,high_impact,False,True
news_query,news,how is the news in ireland,HOW HAS MUSE INOMORD,HOW IS NEWS IN ORELAND,proper_noun_error,0.99119383,replace:is the news in ireland->has muse inomord,high_impact,False,True
calendar_remove,calendar,please delete all reminder of sunday,GAT FO TE UBE REMINDER SUNDAY,PLEASE DELETE AL REMINDER OF SUNDAY,proper_noun_error,0.9911696,replace:please delete all->gat fo te ube | delete:of,high_impact,False,True
qa_currency,qa,what is s. d. in francs,WORL IS IN FRANCE,WHAT IS IN FRANCE,proper_noun_error,0.99115306,replace:what->worl | delete:s d | replace:francs->france,high_impact,False,False
social_query,social,latest news feed from facebook,LATEST NEWSTEED FROM FAYSBURG,LATEST NEWS FED FROM FACEBOK,proper_noun_error,0.9911227,replace:news feed->newsteed | replace:facebook->faysburg,high_impact,False,False
set,calendar,when is my meeting,WHEN IS MY MEETING,WHEN IS MY METING,no_error,0.99111944,exact_match,high_impact,False,False
weather_query,weather,what is the weather here,IT WAS A MENO,WHAT IS THE WEATHER NER,proper_noun_error,0.99100935,replace:what is the weather here->it was a meno,high_impact,False,True
play_audiobook,play,look for this playback in audiobook and play for me,LOIF I STAY THERE HE OW ME LOOK AND FAY FOR ME,LOK FOR THIS PLAY BACK IN AUDIOBOK AND PLAY FOR ME,proper_noun_error,0.9909677,insert:loif i stay there he ow me | delete:for this playback in audiobook | replace:play->fay,high_impact,False,True
query,calendar,do i have any appointments today,DO YOU HAVE ANY APPOINTMENTS TO DAY,DO I HAVE ANY APOINTMENTS TODAY,proper_noun_error,0.99084246,replace:i->you | replace:today->to day,high_impact,False,False
email_query,email,check by inbox for me,CHECK I AINT LAX FOR ME,CHECK I INBOX FOR ME,proper_noun_error,0.99082386,replace:by inbox->i aint lax,high_impact,False,True
cooking_recipe,cooking,recipe for crabmeat,RECICEFA CRAPPED ME,RECIPE FOR CRABMEAT,proper_noun_error,0.9908082,replace:recipe for crabmeat->recicefa crapped me,high_impact,False,True
calendar_query,calendar,what do i have to do on monday,YOU I HAV TO DO ON ALL,WHAT DO I HAVE TO DO ON MONDA,proper_noun_error,0.9907953,replace:what do->you | replace:have->hav | replace:monday->all,high_impact,False,False
play_radio,play,play news in fm,CLAY NEWS AN FEM,PLAY NEWS IN FM,proper_noun_error,0.9907238,replace:play->clay | replace:in fm->an fem,high_impact,False,True
music_likeness,music,i like jazz you should know,I LIKE JAS YOU SHOULD KNOW,I LIKE JAZ YOU SHOULD KNOW,proper_noun_error,0.99068475,replace:jazz->jas,high_impact,False,False
qa_factoid,qa,what year was bill pullman born,WHER HE HER WAS FEELIN HOM AT ALL,WHAT YEAR WAS BL PORMAT WON,proper_noun_error,0.990668,replace:what year->wher he her | replace:bill pullman born->feelin hom at all,high_impact,False,True
transport_traffic,transport,what is current traffic in ohio,WHAT IS COTCATIC IN ALL OHIO,WHAT IS CURENT TRAFIC IN OHIO,proper_noun_error,0.9906262,replace:current traffic->cotcatic | insert:all,high_impact,False,False
social_query,social,what was the last thing my mom said,WHAT WAS THE LAST THING MY MUM SAID,WHAT WAS THE LAST THING MY MOM SAIT,proper_noun_error,0.99051595,replace:mom->mum,high_impact,False,False
calendar_query,calendar,i needed to prepare for a meeting,I NEED TO PREPARE FOR A MEETING,I NED TO PREPARE FOR A METING,proper_noun_error,0.9904944,replace:needed->need,high_impact,False,False
cooking_recipe,cooking,how is pav bhaji cooked,HOW I SAW A HAUTE GOAT,HOW IS OU HARDY GOLD,proper_noun_error,0.99047196,replace:is pav bhaji cooked->i saw a haute goat,high_impact,False,False
cooking_recipe,cooking,can you suggest me a healthy foods for dinner,CAN YOU SUGGEST ME A HEALTHY FOOT FOR DINNER,CAN YOU SUGEST ME A HEALTHY FOD FOR DINER,proper_noun_error,0.9904529,replace:foods->foot,high_impact,False,False
query,calendar,do i have any appointments today,DO I HAVE ANY APPOINTMENTS TO DAY,DO I HAVE ANY APOINTMENTS TODAY,proper_noun_error,0.99040073,replace:today->to day,high_impact,False,False
query,calendar,do i have any appointments today,DO I HAVE ANY APPOINTMENTS TO DAY,DO I HAVE ANY APOINTMENTS TODAY,proper_noun_error,0.99040073,replace:today->to day,high_impact,False,False
lists_query,lists,did i make a shopping list,DID A ANGASHOP ME,DID I MAKE A SHOPING LIST,proper_noun_error,0.9902957,delete:i make | replace:shopping list->angashop me,high_impact,False,True
play_radio,play,get me some radio music from kamp fm,GET ME SOME RADIA MUSIC FRON KEMP NABWAN EFEN,GET ME SOME RADIO MUSIC FROM KAMP NUMBER ONTH FM,proper_noun_error,0.99028313,replace:radio->radia | replace:from kamp fm->fron kemp nabwan efen,high_impact,False,True
query,calendar,do i have any appointments today,DO I HAVE ANY APPOINTMENTS TO THEY,DO I HAVE ANY APOINTMENTS TODAY,proper_noun_error,0.9902623,replace:today->to they,high_impact,False,False
music_likeness,music,save that song and my opinion,THINK THAT'S OF THE MY OPINION,SAVE THAT SONG FROM BYVE PINION,proper_noun_error,0.99024534,replace:save that song and->think that's of the,high_impact,False,True
recommendation_events,recommendation,which flags ride is the best,WHICH SAYS FLAS WI IS THE BEST,WHICH SIX FLANTS WHAT IS THE BEST,proper_noun_error,0.9902367,replace:flags ride->says flas wi,high_impact,False,False
music_query,music,which song is that,WHERE'S WHERE SANK IS DAT,WHICH WHICH SONG IS DEAD,proper_noun_error,0.9902236,replace:which song->where's where sank | replace:that->dat,high_impact,False,True
query,lists,what lists are available,WHAT LISTS ARE AVAILABLE,WHAT LISTS ARE AVAILABLE,no_error,0.9901461,exact_match,high_impact,False,False
calendar_query,calendar,when is bruno mars coming to sacramento,WHEN IS BRUNO MARS COMING TO SACRAMENTO,WHEN IS BRUNO MARS COMING TO SACRAMENTO,no_error,0.99014074,exact_match,high_impact,False,False
calendar_query,calendar,when is bruno mars coming to sacramento,WHEN IS BRUNO MARS COMING TO SACRAMENTO,WHEN IS BRUNO MARS COMING TO SACRAMENTO,no_error,0.99014074,exact_match,high_impact,False,False
email_query,email,please let me know new emails from michael,TAN WE MEN HOW YOU HE MOWST FOR MY,PLEASE LET ME KNOW NEW EMAILS FROM MICE,proper_noun_error,0.98995155,replace:please let me know new emails from michael->tan we men how you he mowst for my,high_impact,False,True
qa_factoid,qa,how old is jennifer lopez,ANDHOW O IS JANNIY FORD IT ALLPAS,HOW OLD IS CHENIFER LAPEZ,proper_noun_error,0.9898627,replace:how old->andhow o | replace:jennifer lopez->janniy ford it allpas,high_impact,False,True
query,calendar,do i have any appointments today,DO I HAVE ANY APPOINTMENTS DAR,DO I HAVE ANY APOINTMENTS TODAY,proper_noun_error,0.98983955,replace:today->dar,high_impact,False,False
news_query,news,did ben and jen get back together,BIG DID BEN AND JEN GET BACK TOGETHER,DID BEN AND JEN GET BACK TOGETHER,proper_noun_error,0.9897682,insert:big,high_impact,False,False
calendar_remove,calendar,remove today's meeting at evening,MOVE TO DAY'S MEETING AT EVENING,REMOVE TODAYS METING AT EVENING,proper_noun_error,0.98976046,replace:remove today's->move to day's,high_impact,False,True
transport_traffic,transport,which route has less traffic today,WE IS A NETOK TODAY,WHICH WOS THE NEXT THAFIC TODAY,proper_noun_error,0.9897182,replace:which route has less traffic->we is a netok,high_impact,False,False
calendar_set,calendar,schedule a meeting with my colleague,SCONNYO MEETING WAS MY HALLIN,SCHEDULE A METING WITH MICHAOLY,proper_noun_error,0.9896679,replace:schedule a->sconnyo | replace:with->was | replace:colleague->hallin,high_impact,False,True
transport_query,transport,how much for a train ticket,HOW MUCH FOR TRYING TAKE IT,HOW MUCH FOR A TRAIN TICKET,proper_noun_error,0.98966646,replace:a train ticket->trying take it,high_impact,False,True
email_query,email,list the subjects and senders of all emails to me in the last week,YES OLL THE SUNDESS ON SUNDAS AN HOLY MANS TO DAY IN THE MOSSWEE,LIST AL THE SUBJECTS AND SENDERS OF AL EMAILS TO ME IN THE LAST WEK,proper_noun_error,0.9896332,replace:list->yes oll | replace:subjects and senders of all emails->sundess on sundas an holy mans | replace:me->day | replace:last week->mosswee,high_impact,False,True
query,calendar,olly what's my agenda for the remainder of the week,OLY WHAT'S MY AGENDA FOR THE REMAINDER OF THE WEEK,OLY WHATS MY AGENDA FOR THE REMAINDER OF THE WEK,proper_noun_error,0.98953736,replace:olly->oly,high_impact,False,False
calendar_remove,calendar,are there ways to go ahead and clear my calendar for the month,I DREW WASTE TO GO AHEAD AND KEER MY CALENDAR FOR DE MANT,ARTHERE WEYS TO GO AHEAD AND CLEAR MY CALENDAR FOR THE MONTH,proper_noun_error,0.98951775,replace:are there ways->i drew waste | replace:clear->keer | replace:the month->de mant,high_impact,False,True
lists_query,lists,tell me what lists i have,TELL ME WHAT  IS IA,TEL ME WHAT LIST I HAVE,proper_noun_error,0.9895103,replace:lists i have->is ia,high_impact,False,True
calendar_query,calendar,what's the news for six hundred and forty five am today,THE NEWS WOR SIX HUNDRED FORTY FIVE A M TO DAY,WAS THE NEWS FOR SIX HNEDFORTY FIVE AM TODAY,proper_noun_error,0.9894856,delete:what's | replace:for->wor | delete:and | replace:am today->a m to day,high_impact,False,False
iot_hue_lightchange,iot,change the color of the lights,HERE'S A GOS LIFE,CHANGE THE COLOR OF THE LIGHTS,proper_noun_error,0.9894135,replace:change the color of the lights->here's a gos life,high_impact,False,True
general_quirky,general,the weather is sunny today,THE WEATHER IS SUNLY TO DA,THE WEATHER IS SUNY TODAY,proper_noun_error,0.9893911,replace:sunny today->sunly to da,high_impact,False,False
calendar_query,calendar,do i have any reminders today,LAVANY REMIND YES TORDAY,DO I HAVE ANY REMINDERS TODAY,proper_noun_error,0.9893657,replace:do i have any reminders today->lavany remind yes torday,high_impact,False,True
email_query,email,are there any emails in regard to my promotion,WHETHER I NEED WAS IN HER GUT TO MY PROMOTION,ARE THERE ANY EMALS AN YOR GAR TER PROMOTION,proper_noun_error,0.989347,replace:are there any emails->whether i need was | replace:regard->her gut,high_impact,False,False
music_query,music,what song is this,WHAT PSAN IS THIS,WHAT SONG IS THIS,proper_noun_error,0.9893339,replace:song->psan,high_impact,False,True
alarm_query,alarm,what alarms do i have set right now,WHAT ELLYRA'S DO I HAVE SAD FOR IT NOW,WHAT ALARMS DO I HAVE SET RIGHT NOW,proper_noun_error,0.9893022,replace:alarms->ellyra's | replace:set right->sad for it,high_impact,False,True
qa_definition,qa,try out in wikipedia,TRY OW IN GOD HE,TRY OUT IN BUTIPEIA,proper_noun_error,0.9892608,replace:out->ow | replace:wikipedia->god he,high_impact,False,False
query,lists,what are my lists,PEDIER WHAT ARE MY LISTS,WHAT ARE MY LISTS,proper_noun_error,0.98914427,insert:pedier,high_impact,False,False
calendar_set,calendar,remind the required events to be reset,THE REQUIRED EVENTS TO BE RESEPT,FIND THE REQUIRED EVENTS TO BE RESET,proper_noun_error,0.9890969,delete:remind | replace:reset->resept,high_impact,False,False
general_quirky,general,the weather is sunny today,THE WEATHER IS SUNNY TO DAY,THE WEATHER IS SUNY TODAY,proper_noun_error,0.98903775,replace:today->to day,high_impact,False,False
alarm_remove,alarm,siri cancel yoga alarms,VERY HANDSOE YOUNG AHA,CEI CANCEL YOGAL ALARMS,proper_noun_error,0.98898435,replace:siri cancel yoga alarms->very handsoe young aha,high_impact,False,True
weather_query,weather,what will the weather be like for this week,WHY LI RETE YOU HAVE FOR MISWEK,WHAT WIL THE WEATHER BE LIE FOR THIS WEK,proper_noun_error,0.9889747,replace:what will the weather be like->why li rete you have | replace:this week->miswek,high_impact,False,True
calendar_set,calendar,i want to add something to my calendar,I WAS Y SOTING TO MY HALENDA,I WANT TO AD SOMETHING TO MY CALENDAR,proper_noun_error,0.9889699,replace:want to add something->was y soting | replace:calendar->halenda,high_impact,False,True
calendar_set,calendar,notify me with all events in the next one week,NOTIFAMILI WAS ALL EVENTS IN THE NEXT ONE WEEK,NOTIFY ME WITH AL EVENTS IN THE NEXT ONE WEK,proper_noun_error,0.9888536,replace:notify me with->notifamili was,high_impact,False,True
calendar_remove,calendar,delete from the calendar the next event,DEPONICLANDER MAKES EVENT,DEPE ON CALENDAR NEXT EVENT,proper_noun_error,0.98884565,replace:delete from the calendar the next->deponiclander makes,high_impact,False,False
qa_stock,qa,what is the stock value of google,WHAT THE STOKO VALEY OF GULUR,WHATS THE STOCKING VALUE OF GOGLE,proper_noun_error,0.9887165,delete:is | replace:stock value->stoko valey | replace:google->gulur,high_impact,False,True
calendar_remove,calendar,please delete all reminder of sunday,LEAST DID ALL REMINDER OF SUNDAY,PLEASE DELETE AL REMINDER OF SUNDAY,proper_noun_error,0.9886902,replace:please delete->least did,high_impact,False,True
query,lists,what are my lists,WHAT ARE MY LISTS,WHAT ARE MY LISTS,no_error,0.9886308,exact_match,high_impact,False,False
play_audiobook,play,start play johns audiobook,STARR PLAY JON'S AUDOBOK,START PLAYNG JOHNS AUDIOBOK,proper_noun_error,0.9885642,replace:start->starr | replace:johns audiobook->jon's audobok,high_impact,False,True
recommendation_events,recommendation,which flags ride is the best,WHIC HE TAKES FIVE STRADE TO THE BEST,WHIC SEX FIVE STRIVE IS THE BEST,number_error,0.9884941,replace:which flags ride is->whic he takes five strade to,high_impact,False,False
email_sendemail,email,open new email to this coworker at this email,HEYE ON NEI OUTS WOT HIS HER WORKER A BUSY MAN,OPEN NEW EMAIL TO THIS HER WORKER AT THIS EMAIL,proper_noun_error,0.988485,replace:open new email to this coworker at this email->heye on nei outs wot his her worker a busy man,high_impact,False,True
datetime_query,datetime,tell me current time,TELL ME CURRENTIME,TEL ME CURENT TIME,proper_noun_error,0.9884193,replace:current time->currentime,high_impact,False,True
calendar_query,calendar,what events are in my calendar for today,WES I AM Y CALENDE FOR TO DAY,WHAT EVENTS ARE IN MY CALENDAR FOR TODAY,proper_noun_error,0.9884062,replace:what events are in my calendar->wes i am y calende | replace:today->to day,high_impact,False,True
calendar_set,calendar,add a note to attend,I DON'T KNOW WHAT YO HAVE DONE,AD A NOTE TO A DAM,proper_noun_error,0.9884013,replace:add a note to attend->i don't know what yo have done,high_impact,False,True
lists_createoradd,lists,add this to a list,HIS TU LIST,AD THIS TO A LIST,proper_noun_error,0.98833454,replace:add this to a->his tu,high_impact,False,True
calendar_query,calendar,what is my afternoon schedule tomorrow,WHAT IS MY ART I ES CA T MORROW,WHAT IS MY AFTERNON SCHEDULE TOMOROW,proper_noun_error,0.9883333,replace:afternoon schedule tomorrow->art i es ca t morrow,high_impact,False,True
recommendation_locations,recommendation,olly what are some restaurants near me,I WAS AS UNLESS YOUA ANY,OLY WHAT DOES SOME RESTAURANT EAR MEAN,proper_noun_error,0.9883295,replace:olly what are some restaurants near me->i was as unless youa any,high_impact,False,False
iot_coffee,iot,i would like some coffee now,O WHAT LATS Y COPY HOW,I WOULD LIKE SOME COFE NOW,proper_noun_error,0.9883292,replace:i would like some coffee now->o what lats y copy how,high_impact,False,True
music_likeness,music,i am forever hip hop,I AM FOR EVER A HEAP HUP,I AM FOR EVER HIP HOP,proper_noun_error,0.9882835,replace:forever hip hop->for ever a heap hup,high_impact,False,True
calendar_remove,calendar,clear my schedule for today,HE ERE MY SCHEDUL FOR TO DAY,CLEAR MY SCHEDULE FOR TODAY,proper_noun_error,0.98826563,replace:clear->he ere | replace:schedule->schedul | replace:today->to day,high_impact,False,True
cooking_recipe,cooking,for how much time should i oven pizza to make it perfect crispy,SO HOW MUCH TIME SHALL I OFTEN BE SAID TO MAKE IT PERFECTLY CHRISTE,ORHOW MUCH TIME SHOULD I HAVE OFTEN PIZA TO MAKE IT PERFECTLY CHRISY,proper_noun_error,0.9882494,replace:for->so | replace:should->shall | replace:oven pizza->often be said | replace:perfect crispy->perfectly christe,high_impact,False,False
calendar_set,calendar,let me know the morning of my doctor appointment on the twelfth,EN YOU KNOW THE MORIN OF MY DAP GIRAN AMITMENT ON THE TURPS,LET ME KNOW THE MORNING OF MY DOCRAPOINTMENTS ON THE TWELFTH,proper_noun_error,0.9881892,replace:let me->en you | replace:morning->morin | replace:doctor appointment->dap giran amitment | replace:twelfth->turps,high_impact,False,False
play_music,play,play uptown girl by billy joel,GREAT OUT TO GIRL F I DERLY JO,PLAY UPTON GRO BY BILY JO,proper_noun_error,0.9881825,replace:play uptown->great out to | replace:by billy joel->f i derly jo,high_impact,False,True
social_post,social,post to twitter got a hectic day ahead,POPUPETER NOT A HATY THING YE HAD,POST TO TWITER NOT AHECTIVE THEY HAD,proper_noun_error,0.98816586,replace:post to twitter got->popupeter not | replace:hectic day ahead->haty thing ye had,high_impact,False,True
set,alarm,set an alarm for five am,SET ALARM FOR FIVE A M,SET ALARM FOR FIVE AM,proper_noun_error,0.9881245,delete:an | replace:am->a m,high_impact,False,False
quirky,general,what am i doing today,WHAT AM MY DOING TO DAY,WHAT AM I DOING TODAY,proper_noun_error,0.9880834,replace:i->my | replace:today->to day,high_impact,False,False
general_quirky,general,the weather is sunny today,THE WEATHER IS SUNNY TO DI,THE WEATHER IS SUNY TODAY,proper_noun_error,0.9880264,replace:today->to di,high_impact,False,False
social_post,social,send tweet to united airlines i'm angry you lost my bags,SAID HE  IE HAIRD O AR MAWL S BOUT,SEND TWET TO UNITAN AVENT ON ALMALY LOST MY BAKS,proper_noun_error,0.98799837,replace:send tweet to united airlines i'm angry you lost my bags->said he ie haird o ar mawl s bout,high_impact,False,False
qa_factoid,qa,what's trump been on about this week,WAS TRUNK BE GOOD ABOUT THIS WEE,WHATS TRUMP BING ON ABOUT THIS WEK,proper_noun_error,0.9879978,replace:what's trump been on->was trunk be good | replace:week->wee,high_impact,False,False
news_query,news,give me the news,HE NEEDN'T ANY WHY,GIVE ME THE NAME I,proper_noun_error,0.98798674,replace:give me the news->he needn't any why,high_impact,False,False
lists_query,lists,what is on my shopping list today,WHAT IS A MY SHOK HIM THIS TO DAY,WHAT IS ON MY SHOPING LIST TODAY,proper_noun_error,0.9879683,replace:on->a | replace:shopping list today->shok him this to day,high_impact,False,True
music_settings,music,disable shuffle,ESA BAUCHELF,DISABLE SHELF,proper_noun_error,0.9879659,replace:disable shuffle->esa bauchelf,high_impact,False,False
lists_query,lists,what is on the list for today,WHAT IT IS OURA BES FOREDAY,WHAT IS ON THE LIST FOR TODAY,proper_noun_error,0.98785174,insert:it | replace:on the list for today->oura bes foreday,high_impact,False,True
play_radio,play,start radio,IT'S HART REALYOU,START RADIO,proper_noun_error,0.98783255,replace:start radio->it's hart realyou,high_impact,False,True
general_quirky,general,what is your favorite color,WHAT IS YOU RAIN UPONA,WHAT IS YOUR FAVORITE COLOR,proper_noun_error,0.9878056,replace:your favorite color->you rain upona,high_impact,False,False
general_quirky,general,is there a correlation between the weather in beijing and nasdaq prices over the last week,IS THOU A CORRONATION BETWEEN WEATHER INVAJANE AND NASTAK PRIESES OF THE LAST WEEK,IS THERE A CORILATION BETWEN THE WEATHER IN BEGIN AND NESTAK PRICES OVER THE LAST WEK,proper_noun_error,0.9877736,replace:there->thou | replace:correlation->corronation | delete:the | replace:in beijing->invajane | replace:nasdaq prices over->nastak prieses of,high_impact,False,False
datetime_query,datetime,what day is it today,WHO ARE DIEASY TO DAY,WHAT DAY IS TODAY,proper_noun_error,0.98776746,replace:what->who are dieasy to | delete:is it today,high_impact,False,True
weather_query,weather,is it going to rain tomorrow,IS IT GOING TO RANGE OF MIND,IS IT GOING TO RAIN TOMOROW,proper_noun_error,0.98775023,replace:rain tomorrow->range of mind,high_impact,False,True
calendar_set,calendar,list out the upcoming meeting,HOW THE AR COMMON MEETING,TEYOUT THE UPCOMING METING,proper_noun_error,0.98772717,replace:list out->how | replace:upcoming->ar common,high_impact,False,False
music_query,music,nine hundred and ninety nine fm is currently playing what music,NINE HUNDRED AND NINETY NINE  FIRM IS CURRENTLY PLAYING QUAT MUSIC,NINE HUNDRED AND NINETY NINE FM IS CURENTLY PLAYING POT MUSIC,proper_noun_error,0.9877007,replace:fm->firm | replace:what->quat,high_impact,False,False
news_query,news,follow news about hilary email issue in future,FOLLOW MEWS ABOUT HI HAR EIN THE SHATING FUTURE,FOLOW NEWS ABOUT YHILAR EMAIL DISULD IN FUTURE,proper_noun_error,0.9876853,replace:news->mews | replace:hilary email issue in->hi har ein the shating,high_impact,False,False
qa_factoid,qa,please give me information next movie of aamir khan,PLA ME MAD AWA TO THE NEXT WILL BE O AO CAME,PLEASE GIVE ME INFORMATION NEXT MOVIE OF ALBU CA,proper_noun_error,0.9875481,replace:please give->pla | replace:information->mad awa to the | replace:movie of aamir khan->will be o ao came,high_impact,False,False
calendar_query,calendar,is there any program for tomorrow evening,IS THE ONLY FROGI HOPE MORAL YOUNINK,IS THERE ANY AFRAGA FOR TOMOROW EVENING,proper_noun_error,0.9874484,replace:there any program for tomorrow evening->the only frogi hope moral younink,high_impact,False,True
calendar_query,calendar,what were the highlights from this evening's soccer match,WAS WOR HANISE FROMIDIN HIS SUCK MASH,WHAT MOVE THE HIGHLIKES FROM THIS EVENAIL SOCKBASH,proper_noun_error,0.98741084,replace:what were the highlights from this evening's soccer match->was wor hanise fromidin his suck mash,high_impact,False,False
quirky,general,what am i doing today,MY DOING TO DAY,WHAT I DOING TODAY,proper_noun_error,0.98740035,replace:what am i->my | replace:today->to day,high_impact,False,False
transport_traffic,transport,how much traffic does atlanta georgia usually have,ON WHIS TRAFFET DOES AT NAT ENJOIG HER EASILY HAVE,HOW MUCH TRAFIC DOES DMANTON GEORGA USELY HAVE,proper_noun_error,0.9873668,replace:how much traffic->on whis traffet | replace:atlanta georgia usually->at nat enjoig her easily,high_impact,False,False
email_query,email,who emailed me recently and what did they email about,POING WEN OT BEN ERISTICATED WHAT YOU DID MAO NOW,FORIN MY OF THE NEAREST ACAOBO TODAYM Y GOP NUP,proper_noun_error,0.9873562,replace:who emailed me recently and->poing wen ot ben eristicated | insert:you | replace:they email about->mao now,high_impact,False,False
music_query,music,what song is this,WHAT'S AL IT IS ALL I LAIN HA,WHAT SONG IS ISOLY PLAY INTOM,proper_noun_error,0.9872355,replace:what song->what's al it | replace:this->all i lain ha,high_impact,False,True
query,weather,will it be raining tomorrow,WELL IT BE RAINING TO MORROW,WIL IT BE RAINING TOMOROW,proper_noun_error,0.9872164,replace:will->well | replace:tomorrow->to morrow,high_impact,False,False
query,weather,is it raining outside,IS IT RAING OUTSIDE,IS IT RAINING OUTSIDE,proper_noun_error,0.9871809,replace:raining->raing,high_impact,False,False
weather_query,weather,how hot is it in miami,HOW HARDY DI HE MY AMME,HOW HART IS IT IN MIANI,proper_noun_error,0.98717403,replace:hot is it in miami->hardy di he my amme,high_impact,False,False
recommendation_events,recommendation,what exhibits or shows are scheduled at the metropolitan theater,WHY TES WAS SHARING A SHTOD AN THE MATRPOSEN THEATRE,WHAT INTERVITS OR SHOWES ARE SCHEDULED AT THE MEXIPOLITAN THEATRE,proper_noun_error,0.9871616,replace:what exhibits or shows are scheduled at->why tes was sharing a shtod an | replace:metropolitan theater->matrposen theatre,high_impact,False,True
alarm_query,alarm,at what time have you set alarm for me,IT WAS OUR HINS THAT LOVE FOR ME,AT WHAT TIME IS RITENT ALARM FOR ME,proper_noun_error,0.98707783,replace:at what time have you set alarm->it was our hins that love,high_impact,False,True
general_quirky,general,what's up,WHAT'S ALOP,WHATS ALAP,proper_noun_error,0.9870712,replace:up->alop,high_impact,False,False
email_query,email,please refresh my gmail inbox,PLEASE REFRESH MY GEMALE IN BOX,PLEASE REFRESH MY GMAIL INBOX,proper_noun_error,0.98706555,replace:gmail inbox->gemale in box,high_impact,False,True
alarm_remove,alarm,remove my early alarms,REMEAU MY EARLY ALAMS,REMOVE MY EARLY ALARMS,proper_noun_error,0.9870564,replace:remove->remeau | replace:alarms->alams,high_impact,False,True
music_query,music,check the current playing music title,CHEPKART PLAYING MUSIC TICHEL,CHECK H CURENT PLAYING MUSIC TITLE,proper_noun_error,0.98703045,replace:check the current->chepkart | replace:title->tichel,high_impact,False,False
music_likeness,music,save that song and my opinion,GIT US ONL MY OPINION,SAVE THAT SONG ON MY OPINION,proper_noun_error,0.98701304,replace:save that song and->git us onl,high_impact,False,True
email_query,email,search matthews deadlines,SEARCH MATTEROUS DEAD LANDS,SEARCH MATERS HEADLINES,proper_noun_error,0.98697436,replace:matthews deadlines->matterous dead lands,high_impact,False,False
recommendation_locations,recommendation,can you recommend any pub in mg road,AND YOURIV MAD ANY HOPPY IN AM LOOKING HO,CAN YOU RECOMEND ANY PARTY IN MDGMO,proper_noun_error,0.9869288,replace:can you recommend->and youriv mad | replace:pub->hoppy | replace:mg road->am looking ho,high_impact,False,False
news_query,news,entertainment news,I SAY TAT HES,ENTERTAINMENT PLEASE,proper_noun_error,0.98691094,replace:entertainment news->i say tat hes,high_impact,False,False
play_audiobook,play,audio book play jai ho,OH DO LOOK CLAMED JINNY HALL,AUDIOBOK PLAY JAHO,proper_noun_error,0.98686117,replace:audio book play jai ho->oh do look clamed jinny hall,high_impact,False,True
qa_factoid,qa,what's trump been on about this week,SAL AE BEEN ON A BOUTTES WEEK,HA TUMP BEN ON ABOUT THIS WEK,proper_noun_error,0.98685753,replace:what's trump->sal ae | replace:about this->a bouttes,high_impact,False,False
qa_stock,qa,what is the current stock rate of facebook,WHY SID HOWANS WILL STOP RAY O FACEBUL,WHAT IS THE CURENT STOCK RATE OF FACEBOK,proper_noun_error,0.9868426,replace:what is the current stock rate of facebook->why sid howans will stop ray o facebul,high_impact,False,True
music_query,music,which song is that,WHICH SUNK IS DEAD,WHICH SONG IS DAD,proper_noun_error,0.98683494,replace:song->sunk | replace:that->dead,high_impact,False,True
query,weather,is it raining outside,IN THE RAIN OUTSIDE,IS IT RAINING OUTSIDE,proper_noun_error,0.9868254,replace:is it raining->in the rain,high_impact,False,False
music_settings,music,loop this track,LOOK ISHTRAK,NOK PHEAS TRACK,proper_noun_error,0.9868123,replace:loop this track->look ishtrak,high_impact,False,False
calendar_set,calendar,i have a birthday on monday set the event,I AM BUT UP THERE ONE DAY SET ME IN A,I HAVE A BIRTHDAY ON MONDAY SET THE EVENT,number_error,0.98676205,replace:have->am but up there one day set me in | delete:birthday on monday set the event,high_impact,False,True
general_quirky,general,you were bring an new schemes,YOU WARE BRING A NEWSCIS,ER BRINGAN NEWSKEWS,proper_noun_error,0.9864981,replace:were->ware | replace:an new schemes->a newscis,high_impact,False,False
